tokyo	OMNI	六厘舎
tokyo	OMNI	松戸富田麺絆
tokyo	OMNI	鶏soba 座銀 KITTE丸の内店
tokyo	MOM_AND_POP	ソバキチ ～新丸ビル～
tokyo	OMNI	つな八 丸の内オアゾ店
tokyo	OMNI	秋田比内地鶏生産責任者の店 本家あべや KITTE GRANCHE店
tokyo	MOM_AND_POP	梅もと
tokyo	OMNI	Ta-im 丸の内店
tokyo	OMNI	つけ麺 大
tokyo	MOM_AND_POP	とんかつ かつ芝
tokyo	MOM_AND_POP	丸善食堂
tokyo	OMNI	ラーメン・ロック
tokyo	OMNI	八幡屋 本店
tokyo	OMNI	東京煮干し らーめん玉
tokyo	OMNI	俺式 純
tokyo	MOM_AND_POP	九頭龍蕎麦 丸ビル店
tokyo	OMNI	六厘舎 東京ラーメンストリート
tokyo	OMNI	四川担担麺 阿吽 キッテグランシェ店
tokyo	OMNI	天ぷら新宿つな八 大丸東京店
tokyo	OMNI	eric'S by EricTrochon
tokyo	MOM_AND_POP	dancyu食堂
tokyo	OMNI	土鍋炊ごはん なかよし 丸の内iiyo店
tokyo	OMNI	入金
tokyo	OMNI	六厘舎 東京駅 東京ラーメンストリート
tokyo	OMNI	四国88屋 丸の内本店
tokyo	OMNI	天ぷら 天喜代 東京駅グランルーフ店
tokyo	MOM_AND_POP	十割蕎麦酒場ちゃぼうず 大手町
tokyo	MOM_AND_POP	そばと天ぷら 石楽 大手町店
tokyo	MOM_AND_POP	中華そば 青葉
tokyo	MOM_AND_POP	蕎麦 正のれん
tokyo	OMNI	竹末東京プレミアム
tokyo	OMNI	ラーメン横丁
tokyo	OMNI	つじ田 日本橋八重洲店
tokyo	OMNI	京都銀閣寺 ますたに 日本橋本店
tokyo	MOM_AND_POP	野田岩 日本橋高島屋特別食堂
tokyo	OMNI	薮伊豆総本店
tokyo	OMNI	日本橋 玉ゐ
tokyo	OMNI	銀座天一 日本橋室町店
tokyo	OMNI	日本橋海鮮丼 つじ半 日本橋本店
tokyo	OMNI	銀座 朧月
tokyo	OMNI	銀座はるちゃんラーメン
tokyo	OMNI	レンガ亭
tokyo	OMNI	てんぷら 近藤
tokyo	OMNI	銀座 玉ゐ
tokyo	SHOJIN	精進料理 大五
tokyo	OMNI	銀座 梅林 本店
tokyo	MOM_AND_POP	そば 佐々木
tokyo	OMNI	銀座 四代目 高橋屋
tokyo	OMNI	銀座しのはら
tokyo	OMNI	銀座こじゅ
tokyo	OMNI	ふくべ
tokyo	OMNI	京橋 天冨良と鮨 いしい
tokyo	OMNI	天麩羅 えびのや 八重洲地下街店
tokyo	OMNI	京料理と創作和食 刻 八重洲店
tokyo	OMNI	肉の蔵 八重洲日本橋店
tokyo	OMNI	お箸とグラス TOKYO 八重洲日本橋店
tokyo	MOM_AND_POP	わんぱく
tokyo	OMNI	玉乃光酒蔵
tokyo	OMNI	麺屋武蔵
tokyo	OMNI	濃麺 真鯛らーめん 稲田
tokyo	OMNI	大勝軒
tokyo	OMNI	焼き鶏 たか木
tokyo	OMNI	つけ麺 さんじ
tokyo	OMNI	和食処 瑞穂
tokyo	MOM_AND_POP	蕎麦 さくら
tokyo	OMNI	つけ麺 つじ田
tokyo	OMNI	天ぷら 大黒
tokyo	OMNI	もんじゃ焼き ねぎ八
tokyo	OMNI	鮨 よし田
tokyo	MOM_AND_POP	蕎麦処 おかめ
tokyo	OMNI	らーめん 一騎当千
tokyo	OMNI	寿司清
tokyo	OMNI	築地玉寿司
tokyo	OMNI	美山
tokyo	MOM_AND_POP	中村藤吉本店
tokyo	MOM_AND_POP	つきじ中島
tokyo	MOM_AND_POP	鮮寿司
tokyo	OMNI	麺達磨
tokyo	MOM_AND_POP	新しき村
tokyo	OMNI	寿司大
tokyo	OMNI	大和寿司
tokyo	OMNI	なか目
tokyo	OMNI	つきじ海賓
tokyo	OMNI	竹若
tokyo	MOM_AND_POP	築地食堂源記
tokyo	OMNI	築地寿司清
tokyo	OMNI	つじ半
tokyo	OMNI	大定
tokyo	OMNI	岸田屋
tokyo	OMNI	文花
tokyo	MOM_AND_POP	市場食堂
tokyo	OMNI	本鮪つなぎ
tokyo	OMNI	月島もんじゃ界隈 - 築地近辺
tokyo	OMNI	築地 福寿司
tokyo	OMNI	築地 大門
tokyo	OMNI	銀座 篝
tokyo	MOM_AND_POP	築地食堂 源
tokyo	OMNI	築地 中島
tokyo	OMNI	銀座 竹葉亭
tokyo	OMNI	つきじ丸田水産
tokyo	OMNI	天ぷら 近藤
tokyo	MOM_AND_POP	並木藪蕎麦
tokyo	MOM_AND_POP	築地そばたかや
tokyo	OMNI	弓場醗酵
tokyo	SHOJIN	築地本院精進料理
tokyo	OMNI	もも仁（もも仁）
tokyo	OMNI	玉らない
tokyo	OMNI	甘酒横丁
tokyo	OMNI	ぼたん
tokyo	OMNI	魚新
tokyo	OMNI	福ろ
tokyo	OMNI	竜雲
tokyo	OMNI	山本山 本店
tokyo	MOM_AND_POP	蕎麦 田中鮒
tokyo	OMNI	江ろ幸
tokyo	MOM_AND_POP	蕎麦 志乃
tokyo	OMNI	大将
tokyo	OMNI	釜めし 太郎
tokyo	OMNI	龍門
tokyo	OMNI	黒船
tokyo	OMNI	みつば
tokyo	OMNI	丸源
tokyo	OMNI	三河屋
tokyo	OMNI	朧月
tokyo	OMNI	麺屋 周郷 神田店
tokyo	OMNI	麺屋武蔵 神山
tokyo	OMNI	味噌ラーメン つけ麺 麺処 神田
tokyo	OMNI	五ノ神水産
tokyo	OMNI	ギャラリー珈琲店 古瀬戸
tokyo	MOM_AND_POP	とん八亭
tokyo	MOM_AND_POP	井泉 本店
tokyo	MOM_AND_POP	ちゃんこ道場 両国駅前店
tokyo	MOM_AND_POP	ちゃんこ 友路
tokyo	OMNI	なりたけ TOKYO 錦糸町店
tokyo	OMNI	タイランド
tokyo	OMNI	CLANN BY THE RIVER
tokyo	MOM_AND_POP	蕎楽亭
tokyo	MOM_AND_POP	かんだやぶそば
tokyo	MOM_AND_POP	かんだまつや
tokyo	OMNI	カラシビ味噌ラーメン 鬼金棒
tokyo	OMNI	天ぷら さいとう 神田本店
tokyo	MOM_AND_POP	うなぎ久保田
tokyo	MOM_AND_POP	神田きくかわ 神田店
tokyo	OMNI	うなしょう
tokyo	MOM_AND_POP	神田食堂本店
tokyo	SHOJIN	こまきしょくどう（鎌倉不識庵）
tokyo	MOM_AND_POP	青島食堂 秋葉原店
tokyo	MOM_AND_POP	九州じゃんがららあめん 秋葉原本店
tokyo	OMNI	麺処ほん田 秋葉原本店
tokyo	OMNI	肉汁麺ススム 秋葉原本店
tokyo	OMNI	粋な一生（いきないっしょう）
tokyo	MOM_AND_POP	麺処 マゼル（MAZERU）
tokyo	OMNI	割烹 たなか
tokyo	MOM_AND_POP	昭和食堂 秋葉原駅前店
tokyo	MOM_AND_POP	新田毎（しんたごと）
tokyo	MOM_AND_POP	ごはん処 あだち
tokyo	MOM_AND_POP	天ぷら白子（Tempura Hisago）
tokyo	OMNI	つじ田 神田御茶ノ水店
tokyo	OMNI	Tsukemen Soya
tokyo	OMNI	大勝軒
tokyo	MOM_AND_POP	神田まつや 本店
tokyo	MOM_AND_POP	明神そば
tokyo	MOM_AND_POP	しんぱち食堂 御茶ノ水店
tokyo	OMNI	江戸富士
tokyo	OMNI	誠鮨
tokyo	OMNI	粋庵
tokyo	OMNI	日乃屋 本店
tokyo	MOM_AND_POP	満留賀 静邨
tokyo	OMNI	神保町 黒須
tokyo	OMNI	神保町 可以
tokyo	MOM_AND_POP	新橋ニューともちん 神保町店
tokyo	MOM_AND_POP	神田 天麩羅 はちまき
tokyo	OMNI	ラドリオ
tokyo	OMNI	キッチン南海 神保町店
tokyo	MOM_AND_POP	へぎそば 地酒処 こんごう庵 神保町店
tokyo	MOM_AND_POP	神田錦町 更科
tokyo	MOM_AND_POP	なかや蒲焼店
tokyo	MOM_AND_POP	上野藪そば
tokyo	MOM_AND_POP	喜乃字屋
tokyo	MOM_AND_POP	鰻割烹 伊豆栄 本店
tokyo	OMNI	麺処 花田 上野店
tokyo	OMNI	麺巧 潮 上野製麺所
tokyo	OMNI	ハラール ラーメン 鳥ぶし
tokyo	OMNI	天寿々
tokyo	OMNI	よし寿司 上野店
tokyo	OMNI	鳥つね自然洞
tokyo	OMNI	デリー上野店
tokyo	MOM_AND_POP	ぽん多本家
tokyo	OMNI	つけめんTETSU 御徒町らーめん横丁店
tokyo	OMNI	蒙古タンメン中本 御徒町店
tokyo	OMNI	らーめん 鴨to葱
tokyo	MOM_AND_POP	油そば専門店 浜そば 本店
tokyo	OMNI	すしと天ぷら とろ一 御徒町本店
tokyo	MOM_AND_POP	和楽庵
tokyo	MOM_AND_POP	心洗庵
tokyo	MOM_AND_POP	伊豆栄 不忍亭
tokyo	OMNI	湯島 天神下 炭屋
tokyo	OMNI	大黒家天麩羅 本店
tokyo	OMNI	浅草天ちゃ
tokyo	OMNI	三松寿司
tokyo	MOM_AND_POP	浅草ときわ食堂
tokyo	MOM_AND_POP	浅草じゅらく
tokyo	OMNI	麺屋 つけ麺 太輔
tokyo	OMNI	自家製麺 うるち
tokyo	OMNI	四川担担麺 阿吽 浅草
tokyo	OMNI	Pan Nini 浅草
tokyo	OMNI	杜都旬菜 合羽橋 ほていや
tokyo	MOM_AND_POP	ときわ食堂
tokyo	MOM_AND_POP	水口食堂
tokyo	SHOJIN	精進カフェ 宙sora
tokyo	MOM_AND_POP	そば処 大喜
tokyo	MOM_AND_POP	上野 中志
tokyo	MOM_AND_POP	蔵前 鰻 大黒屋
tokyo	OMNI	メンドウガッコウ
tokyo	OMNI	塩ラーメン 蔵前
tokyo	MOM_AND_POP	蔵前 みかどや
tokyo	MOM_AND_POP	蔵前 肉乃大山
tokyo	MOM_AND_POP	相撲火鍋 両国館
tokyo	MOM_AND_POP	ちゃんこ 富岡
tokyo	MOM_AND_POP	蕎麦 翁
tokyo	MOM_AND_POP	丼めし 安兵衛
tokyo	OMNI	天ぷら 二八
tokyo	MOM_AND_POP	うなぎ 長江
tokyo	MOM_AND_POP	江戸そば 黒江
tokyo	MOM_AND_POP	もんじゃ 月島風
tokyo	OMNI	ラーメン 青竜
tokyo	MOM_AND_POP	そば処 翠
tokyo	MOM_AND_POP	六常庵
tokyo	MOM_AND_POP	蕎麦屋十三間
tokyo	OMNI	天ぷら権八
tokyo	MOM_AND_POP	鰻白楽天
tokyo	MOM_AND_POP	蕎麦屋慮八
tokyo	MOM_AND_POP	玉ひで
tokyo	MOM_AND_POP	竹むら
tokyo	OMNI	ひらお
tokyo	OMNI	鶯谷ラーメン
tokyo	SHOJIN	越後屋
tokyo	MOM_AND_POP	大隈豆腐店
tokyo	MOM_AND_POP	竹本小そば
tokyo	MOM_AND_POP	来来軒
tokyo	OMNI	歌舞伎町シチュー亭
tokyo	MOM_AND_POP	鮨 まつもと
tokyo	MOM_AND_POP	そば処 更科
tokyo	MOM_AND_POP	トンテキ 新宿
tokyo	OMNI	わたり鳥
tokyo	OMNI	鰻 竹やま
tokyo	MOM_AND_POP	小諸そば 新宿メトロピア店
tokyo	OMNI	日高屋 新宿区役所前店
tokyo	MOM_AND_POP	いろり庵きらく 新宿本店
tokyo	OMNI	一蘭 新宿東口店
tokyo	MOM_AND_POP	新宿思い出横丁
tokyo	OMNI	豚骨ラーメン　風風
tokyo	OMNI	天ぷら　喜久屋
tokyo	OMNI	寿司めい
tokyo	OMNI	RESEARCH_BLOCKED
tokyo	SHOJIN	つき庵
tokyo	OMNI	天ぷら山の上
tokyo	MOM_AND_POP	そば処 富士見
tokyo	OMNI	寿司 春
tokyo	OMNI	鰻 田中
tokyo	MOM_AND_POP	定食屋 松本
tokyo	OMNI	塩ラーメン 新
tokyo	MOM_AND_POP	そば 古清
tokyo	OMNI	らーめん専門店 中野
tokyo	MOM_AND_POP	蕎麦 みむろ
tokyo	MOM_AND_POP	麻布十番 更科
tokyo	MOM_AND_POP	そばの花
tokyo	OMNI	ラーメン 凪
tokyo	OMNI	定食屋 まるたに
tokyo	OMNI	ふじや
tokyo	OMNI	串揚げ 大仏
tokyo	OMNI	天ぷら 大いに
tokyo	OMNI	スナックラーメン 竜
tokyo	MOM_AND_POP	三嶋亭
tokyo	OMNI	みけん
tokyo	OMNI	麺屋 中野
tokyo	MOM_AND_POP	蕎麦 丸永
tokyo	OMNI	天ぷら たけや
tokyo	OMNI	寿司 なかや
tokyo	MOM_AND_POP	中野の台所
tokyo	MOM_AND_POP	まぜそば 次郎坂
tokyo	OMNI	鰻 中野
tokyo	SHOJIN	精進料理 光の庭
tokyo	OMNI	ラーメン 太郎
tokyo	MOM_AND_POP	個人店 小田商店
tokyo	MOM_AND_POP	神山
tokyo	MOM_AND_POP	福田屋
tokyo	MOM_AND_POP	神田
tokyo	OMNI	力
tokyo	SHOJIN	香雲院
tokyo	OMNI	一風堂
tokyo	MOM_AND_POP	鶴喜蕎麦
tokyo	OMNI	丹波黒豆の館
tokyo	MOM_AND_POP	天ぷら小松
tokyo	MOM_AND_POP	恵比寿横丁
tokyo	MOM_AND_POP	鶏蕎麦 十番
tokyo	OMNI	天ぷら 万両
tokyo	OMNI	寿司 さくら
tokyo	MOM_AND_POP	鰻 ひろ川
tokyo	MOM_AND_POP	蕎麦処 正のれん
tokyo	OMNI	そら野 カフェ
tokyo	OMNI	五ノ神水産 恵比寿店
tokyo	OMNI	おとーり恵比寿
tokyo	OMNI	フロソー
tokyo	MOM_AND_POP	蕎麦切り 翁
tokyo	OMNI	ラーメン 麗
tokyo	MOM_AND_POP	焼鳥 いろり
tokyo	MOM_AND_POP	天ぷら 竹家
tokyo	MOM_AND_POP	定食屋 大正
tokyo	MOM_AND_POP	ラーメン味博
tokyo	SHOJIN	グリーンナリッシュ
tokyo	MOM_AND_POP	鰻 つなご
tokyo	OMNI	寿司 ふじ本
tokyo	OMNI	中華麺 竜馬
tokyo	OMNI	蔦 つけ麺
tokyo	MOM_AND_POP	鈴木 しかく
tokyo	MOM_AND_POP	大坂屋 そば店
tokyo	OMNI	尾賀
tokyo	OMNI	鰻 木曽路
tokyo	OMNI	天ぷら 花月堂
tokyo	OMNI	らーめん 豚骨屋 六本木
tokyo	SHOJIN	菜味庵
tokyo	MOM_AND_POP	そば処 十八番
tokyo	OMNI	天ぷら 大武
tokyo	MOM_AND_POP	そば処 曽根崎
tokyo	OMNI	赤坂 璃宮
tokyo	OMNI	鮨 ど真
tokyo	OMNI	青麦 赤坂
tokyo	OMNI	はなの舞 赤坂
tokyo	MOM_AND_POP	赤坂 おか田
tokyo	MOM_AND_POP	やまと 赤坂
tokyo	MOM_AND_POP	肉そば 奥山
tokyo	OMNI	赤坂ラーメン横丁
tokyo	MOM_AND_POP	蕎麦切り 白月
tokyo	OMNI	らーめん マロ屋
tokyo	MOM_AND_POP	手打ちそば 福そば
tokyo	OMNI	つけめん 新太
tokyo	MOM_AND_POP	天ぷら 小島
tokyo	MOM_AND_POP	个食堂 ひとさじ
tokyo	OMNI	ラーメン 清月
tokyo	SHOJIN	精進料理 一乗寺
tokyo	OMNI	寿司 若林
tokyo	OMNI	ラーメン もぐ男
tokyo	MOM_AND_POP	そば家 神月
tokyo	OMNI	ラーメン あまぐ
tokyo	MOM_AND_POP	象本店
tokyo	OMNI	つけ麺 武蔵
tokyo	OMNI	新橋 鶏繁
tokyo	OMNI	新橋いろり
tokyo	OMNI	鰻 東正
tokyo	OMNI	味の民芸 新橋店
tokyo	MOM_AND_POP	新橋 蕎麦
tokyo	OMNI	横浜ラーメン 田中
tokyo	OMNI	新橋 おでん
tokyo	OMNI	新橋 寿司
nagano	VEGAN	野菜カフェ ヒューマンズ
nagano	MOM_AND_POP	いろは堂 MIDORI長野店
nagano	OMNI	信州蕎麦の草笛 MIDORI店
nagano	OMNI	そば処みよ田 MIDORI長野店
nagano	MOM_AND_POP	小川の庄 おやき村 MIDORI長野店
nagano	OMNI	そば処 やぶ ながの東急店
nagano	OMNI	小木曽製粉所 長野駅前店
nagano	OMNI	カフェ・モンマルトル
nagano	MOM_AND_POP	とくべえ 駅前店
nagano	MOM_AND_POP	炭火串焼 串長
nagano	OMNI	ピッツェリア カスターニャ
nagano	OMNI	インド料理 サンディア
nagano	OMNI	政海本舗
nagano	MOM_AND_POP	蕎麦旬菜 こすげ